Category,File,Shell,Elevation / effect,Purpose,How to run
01-Identity-and-Local-Access,Add-Domain-User-to-Local-Administrators.CMD.txt,CMD,Yes; change,Adds the specified Active Directory domain user to this computer's local Administrators group.,"Replace DOMAIN and user with the intended account, then paste this file into Command Prompt opened as administrator."
01-Identity-and-Local-Access,Add-Entra-User-to-Local-Administrators.CMD.txt,CMD,Yes; change,Adds the specified Entra ID user to this computer's local Administrators group.,"Replace user@example.com with the intended sign-in UPN, then paste this file into Command Prompt opened as administrator on the Entra-joined device."
01-Identity-and-Local-Access,Check-BuiltIn-Administrator.PowerShell.txt,PowerShell,Yes,Shows whether the local account named Administrator is enabled and includes an optional command to disable it.,Paste this file into elevated 64-bit PowerShell and uncomment the disable command only when that change is intended.
01-Identity-and-Local-Access,Check-Entra-and-Domain-Join.CMD.txt,CMD,No,Shows this device's Entra ID and domain join status along with user registration and SSO details.,Open Command Prompt as the affected signed-in user and paste this entire file.
01-Identity-and-Local-Access,Inspect-Current-User-Security-Token.CMD.txt,CMD,No; affected user context,"Displays the current account, SID, group memberships, and privileges in its security token.",Open Command Prompt in the affected user's normal session and paste this entire file.
01-Identity-and-Local-Access,List-Active-Directory-Domain-Users.CMD.txt,CMD,No,Lists user accounts in the computer's Active Directory domain rather than accounts stored only on this machine.,Open Command Prompt on a domain-joined computer with domain connectivity and paste this entire file.
01-Identity-and-Local-Access,List-Local-Administrators.CMD.txt,CMD,No,"Lists every member of the local Administrators group, including local, domain, and Entra ID entries when present.",Open Command Prompt and paste this entire file.
01-Identity-and-Local-Access,List-User-Sessions.CMD.txt,CMD,Yes for full session visibility,"Lists interactive user sessions with session IDs, active or disconnected states, idle times, and logon times.",Open Command Prompt as administrator and paste this entire file to inspect sessions on the local computer.
01-Identity-and-Local-Access,Reset-Current-User-Windows-Hello.PowerShell.txt,PowerShell,No; change,"Deletes the current user's Windows Hello container, including its PIN and associated Hello credentials and keys.","Open PowerShell as the affected user, paste this entire file, and sign out afterward before setting up Windows Hello again."
02-Active-Directory-and-M365,Check-Windows-Time-Synchronization.CMD.txt,CMD,Yes,"Displays the Windows Time service synchronization status, time source, and last successful synchronization.",Open Command Prompt as administrator and paste this entire file on the computer being checked.
02-Active-Directory-and-M365,Connect-Exchange-Online.PowerShell.txt,PowerShell,No; module install and sign-in,"Installs and imports the Exchange Online PowerShell module, then opens an interactive Exchange Online sign-in.","Open PowerShell with internet access, paste this entire file, and sign in with an account authorized for the intended tenant."
02-Active-Directory-and-M365,Export-Applied-Group-Policy.CMD.txt,CMD,Yes; creates report,Exports resultant Group Policy for the computer and queried user to an HTML report in the current temporary folder.,"Open Command Prompt as administrator and paste this entire file, then open GPO-Results.html from the temporary folder."
02-Active-Directory-and-M365,Export-Domain-Controller-Diagnostics.CMD.txt,CMD,Yes,Runs verbose domain controller diagnostics and saves the output to C:\Reports\DCDiag_Report.txt.,Open Command Prompt as administrator on the intended domain controller and paste this entire file.
02-Active-Directory-and-M365,Start-Entra-Connect-Delta-Sync.PowerShell.txt,PowerShell,Yes; sync,Requests a delta synchronization cycle from the local Microsoft Entra Connect synchronization engine.,Open Windows PowerShell 5.1 as administrator on the Entra Connect Sync server and paste this entire file.
03-Hardware-Storage-and-Backup,Check-VSS-Writers.CMD.txt,CMD,Yes,Lists Volume Shadow Copy Service writers and their current state and last reported error.,Open Command Prompt as administrator and paste this entire file.
03-Hardware-Storage-and-Backup,Get-Device-Serial-Number.PowerShell.txt,PowerShell,No,Displays the serial number reported by the device BIOS.,Open PowerShell and paste this entire file.
03-Hardware-Storage-and-Backup,Get-Disk-Media-Type.PowerShell.txt,PowerShell,Yes,"Lists physical disk names, reported HDD or SSD media types, sizes, and serial numbers.",Open PowerShell as administrator and paste this entire file.
03-Hardware-Storage-and-Backup,Get-Hardware-Manufacturer-and-Model.PowerShell.txt,PowerShell,No,Displays the manufacturer and model reported by the local computer.,Open PowerShell and paste this entire file.
03-Hardware-Storage-and-Backup,Get-Physical-Disk-Health.PowerShell.txt,PowerShell,Yes,Displays the health and operational status that Windows reports for each visible physical disk.,Open PowerShell as administrator and paste this entire file.
03-Hardware-Storage-and-Backup,Get-Volume-Capacity.PowerShell.txt,PowerShell,Yes,"Displays volume drive letters, labels, reported health, free space, and total capacity in GB.",Open PowerShell as administrator and paste this entire file on the computer being checked.
03-Hardware-Storage-and-Backup,Identify-Virtual-Machine.PowerShell.txt,PowerShell,No,Uses the reported computer model to estimate whether Windows is running inside a virtual machine.,Open PowerShell and paste this entire file.
03-Hardware-Storage-and-Backup,Open-Windows-Memory-Diagnostic.CMD-or-Run.txt,CMD / Windows + R,Elevation may be requested; test needs restart,Opens Windows Memory Diagnostic to schedule a memory test that runs after a restart.,"Press Windows + R and enter only mdsched.exe, or paste this entire file into Command Prompt, then choose the intended restart option."
03-Hardware-Storage-and-Backup,Repair-C-Drive-with-CHKDSK.CMD.txt,CMD,Yes; repair; may require restart,Checks drive C for file-system errors and unreadable sectors while requesting repair and recovery of readable data.,Paste this file into Command Prompt opened as administrator and accept scheduling only if the required restart is intended.
04-Windows-Updates,Find-Applicable-Missing-Updates.PowerShell.txt,PowerShell,Yes; scan,Queries the configured Windows Update source and lists applicable software updates that are not installed.,Open Windows PowerShell 5.1 as administrator and paste this entire file.
04-Windows-Updates,List-Installed-Hotfixes.PowerShell.txt,PowerShell,No,"Lists installed Windows CBS hotfixes with known installation dates, ordered from newest to oldest.",Open PowerShell and paste this entire file.
04-Windows-Updates,Reset-Windows-Update-Components.CMD.txt,CMD,Yes; cache reset,"Stops Windows Update services, renames the update cache folders for recovery, and starts the services again.",Open Command Prompt as administrator and run this file one section at a time while checking the service and rename results.
05-Windows-Repair-and-Maintenance,Clean-Temporary-Files.CMD.txt,CMD,Yes; deletes files,Deletes accessible files from the current user's temporary folder and the Windows temporary folder.,Close applications and paste this file into Command Prompt opened as administrator under the intended user account.
05-Windows-Repair-and-Maintenance,Get-Top-Memory-Processes.PowerShell.txt,PowerShell,No,Lists the ten processes with the largest current working sets and displays their memory values in MB.,Open PowerShell and paste this entire file while the memory problem is occurring.
05-Windows-Repair-and-Maintenance,Repair-Windows-with-DISM-and-SFC.CMD.txt,CMD,Yes; repair,"Checks and repairs the running Windows component store with DISM, then scans and repairs protected system files with SFC.",Open Command Prompt as administrator and run each command in order after the previous command finishes.
05-Windows-Repair-and-Maintenance,Send-Reboot-Reminder.PowerShell.txt,PowerShell,Yes; sends local user popup,Sends a reboot reminder to the active user session selected from quser output without restarting the computer.,"Open Windows PowerShell 5.1 as administrator, verify the selected quser session ID, and run this file one section at a time."
05-Windows-Repair-and-Maintenance,Set-Process-Execution-Policy.PowerShell.txt,PowerShell,No; session setting,Sets RemoteSigned execution policy for the current PowerShell process only.,Paste this entire file into the same PowerShell window that will run the intended scripts.
06-Network-and-DNS,Check-Public-IP-via-OpenDNS.CMD.txt,CMD,No,Queries an OpenDNS resolver to display the public source IP address that resolver observes.,Open Command Prompt with DNS access to the OpenDNS resolver and paste this entire file.
06-Network-and-DNS,Get-Network-Configuration.CMD.txt,CMD,No,"Displays detailed adapter addressing, gateways, DNS servers, DHCP information, and DNS suffixes.",Open Command Prompt and paste this entire file on the affected computer.
06-Network-and-DNS,Inventory-Local-SMB-Shares.PowerShell.txt,PowerShell,Yes,Lists SMB shares hosted by the local computer with their backing paths and descriptions.,Open PowerShell as administrator on the computer hosting the shares and paste this entire file.
06-Network-and-DNS,List-Listening-TCP-Ports.PowerShell.txt,PowerShell,Yes,Lists listening TCP addresses and ports with the process ID that owns each listener.,Open PowerShell as administrator and paste this entire file on the computer being investigated.
06-Network-and-DNS,Lookup-DMARC-Record.CMD.txt,CMD,No,Queries the DNS TXT record at a domain's _dmarc name.,"Replace example.com with the intended domain, then paste this entire file into Command Prompt."
06-Network-and-DNS,Lookup-DNS-TXT-Records.CMD.txt,CMD,No,Queries the DNS TXT records published at the specified domain name.,"Replace example.com with the intended domain, then paste this entire file into Command Prompt."
06-Network-and-DNS,Test-TCP-Port-Connectivity.PowerShell.txt,PowerShell,No; network test,Tests whether the specified server accepts a TCP connection on port 445 and displays connection diagnostics.,"Replace server01 with the target hostname or IP and adjust the port if needed, then paste this entire file into PowerShell."
07-Power-and-Battery,Generate-Battery-Report.PowerShell.txt,PowerShell,No,Generates an HTML battery usage and capacity report and prints the saved report path.,Open PowerShell in a writable working folder and paste this entire file.
07-Power-and-Battery,Generate-SleepStudy-Report.PowerShell.txt,PowerShell,Yes,Generates an HTML SleepStudy report for supported Modern Standby systems.,Open PowerShell as administrator in a writable working folder and paste this entire file.
07-Power-and-Battery,Inspect-and-Optionally-Disable-AC-Sleep.PowerShell.txt,PowerShell,May require elevation for change,Displays the active plan's sleep timeout settings and includes an optional command to disable idle sleep on AC power.,Paste this file into PowerShell and uncomment the AC timeout command only when disabling idle sleep is intended.
07-Power-and-Battery,Modern-Standby-Override.Review-Required.PowerShell.txt,PowerShell,Yes for change; restart,Lists available sleep states and contains the PlatformAoAcOverride registry command intended to disable Modern Standby.,"Open PowerShell as administrator, verify device support, and uncomment the registry command only if this workaround and a later restart are intended."
08-Applications-and-Desktop,Inventory-Installed-Programs.PowerShell.txt,PowerShell,No; 64-bit PowerShell,"Lists machine-wide program names, versions, and publishers from the 64-bit and 32-bit uninstall registry entries.",Open 64-bit PowerShell on a 64-bit Windows computer and paste this entire file.
08-Applications-and-Desktop,Open-Classic-Outlook-Safe-Mode.CMD-or-Run.txt,CMD / Windows + R,No,Starts classic Outlook in safe mode for troubleshooting.,"Press Windows + R and enter only outlook.exe /safe, or paste this entire file into Command Prompt."
08-Applications-and-Desktop,Open-Printer-Driver-Properties.CMD-or-Run.txt,CMD / Windows + R,No,Opens Print Server Properties on the Drivers tab.,"Press Windows + R and enter only printui.exe /s /t2, or paste this entire file into Command Prompt."
08-Applications-and-Desktop,Reset-OneDrive-Client.CMD-or-Run.txt,CMD / Windows + R,No; sync client reset,Resets the current user's OneDrive sync client using its per-user installation path.,"Press Windows + R and enter only the first command line, or paste this entire file into Command Prompt as the affected user."
08-Applications-and-Desktop,Restart-Explorer-Shell.PowerShell.txt,PowerShell,No; desktop interruption,Stops and relaunches the current user's Windows Explorer shell.,Paste this entire file into a normal unelevated PowerShell window in the affected user's desktop session.
09-Security-and-Remote-Management,Check-BitLocker-Status.CMD.txt,CMD,Yes,"Displays BitLocker encryption, protection, and lock status for the computer's volumes.",Open Command Prompt as administrator on a device with BitLocker management available and paste this entire file.
09-Security-and-Remote-Management,Find-Expiring-Computer-Certificates.PowerShell.txt,PowerShell,No for the local certificate inventory,Lists expired certificates and certificates expiring within 30 days in the local computer's Personal certificate store.,Open Windows PowerShell 5.1 or PowerShell 7.1 or newer on Windows and paste this entire file.
09-Security-and-Remote-Management,Get-Defender-Protection-Status.PowerShell.txt,PowerShell,Yes,"Displays Microsoft Defender's operating mode, antivirus state, real-time protection state, and last antivirus signature update.",Open PowerShell as administrator on a device with the Defender module available and paste this entire file.
09-Security-and-Remote-Management,Install-ScreenConnect.PowerShell.txt,PowerShell,Yes; installs remote access,Downloads and silently installs a ScreenConnect client from a supplied installer URL while writing installation logs.,Save this file as Install-ScreenConnect.ps1 and run it from elevated PowerShell using .\Install-ScreenConnect.ps1 -InstallerUrl 'YOUR_APPROVED_MSI_URL'.
09-Security-and-Remote-Management,Inventory-Scheduled-Tasks.PowerShell.txt,PowerShell,Yes for full task visibility,"Lists scheduled task folders, task names, and current task states.",Open PowerShell as administrator and paste this entire file to inspect local scheduled tasks.
09-Security-and-Remote-Management,Inventory-Windows-Services.PowerShell.txt,PowerShell,Yes,"Lists Windows service names, states, startup modes, service accounts, and executable paths.",Open PowerShell as administrator and paste this entire file on the computer being assessed.
09-Security-and-Remote-Management,Remove-ITSPlatform.Review-Required.PowerShell.txt,PowerShell,Yes; uninstalls and deletes,"Attempts to stop, uninstall, and remove ITSPlatform components that match the configured names and installation paths.","Verify the exact installed component names and uninstall strings, save this file as Remove-ITSPlatform.ps1, then run it with elevated Windows PowerShell."
09-Security-and-Remote-Management,Update-Defender-Signatures.PowerShell.txt,PowerShell,Yes; signature update,Updates Microsoft Defender antimalware signatures and displays their last update time and version.,Open PowerShell as administrator on a device using Microsoft Defender Antivirus and paste this entire file.
10-Windows-Setup-and-Licensing,Change-Windows-Pro-Edition-Key.CMD.txt,CMD,Yes; licensing or edition change,Invokes the Windows product-key change tool with the generic Pro edition key without upgrading Windows 10 to Windows 11 or supplying a Pro license.,"Verify the supported edition-change method and a valid Pro license, then paste this file into Command Prompt opened as administrator."
10-Windows-Setup-and-Licensing,OOBE-Network-Bypass.Compatibility-Dependent.CMD.txt,CMD,Setup context; restarts,Invokes the OOBE network-requirement bypass script if it is available on the installed Windows build.,"During Windows setup, press Shift + F10 to open Command Prompt and paste this file only if the bypass script is available and the restart is intended."
